mineral,country,hs_code,country_code,country_name,item_name,period,import_amount_usd,import_weight_kg,export_amount_usd,export_weight_kg,balance_usd
흑연 (Graphite),중국,2504101000,CN,중국,인상(鱗狀)흑연,2025.07,733488,669015,5795,844,-727693
흑연 (Graphite),중국,2504101000,CN,중국,인상(鱗狀)흑연,2025.08,858450,642079,18451,3483,-839999
흑연 (Graphite),중국,2504101000,CN,중국,인상(鱗狀)흑연,2025.09,718725,568129,2097,360,-716628
흑연 (Graphite),중국,2504101000,CN,중국,인상(鱗狀)흑연,2025.10,817828,631378,13658,3845,-804170
흑연 (Graphite),중국,2504101000,CN,중국,인상(鱗狀)흑연,2025.11,644052,401722,3191,840,-640861
흑연 (Graphite),중국,2504101000,CN,중국,인상(鱗狀)흑연,2025.12,912783,677399,7869,1323,-904914
흑연 (Graphite),중국,2504101000,CN,중국,인상(鱗狀)흑연,2026.01,1076230,1044752,2108,360,-1074122
흑연 (Graphite),중국,2504101000,CN,중국,인상(鱗狀)흑연,2026.02,1222939,1196812,4845,485,-1218094
흑연 (Graphite),중국,2504101000,CN,중국,인상(鱗狀)흑연,2026.03,1119212,1045219,2106,360,-1117106
흑연 (Graphite),중국,2504101000,CN,중국,인상(鱗狀)흑연,2026.04,844804,558862,10837,366,-833967
흑연 (Graphite),중국,2504101000,CN,중국,인상(鱗狀)흑연,2026.05,1049995,838387,3196,840,-1046799
흑연 (Graphite),중국,2504101000,CN,중국,인상(鱗狀)흑연,2026.06,900148,679767,14105,854,-886043
흑연 (Graphite),호주,2504101000,AU,호주,인상(鱗狀)흑연,2025.08,0,0,149,0,149
흑연 (Graphite),호주,2504101000,AU,호주,인상(鱗狀)흑연,2025.11,93,28,0,0,-93
흑연 (Graphite),중국,2504102000,CN,중국,토상(土狀)흑연,2025.07,7573,20050,0,0,-7573
흑연 (Graphite),중국,2504102000,CN,중국,토상(土狀)흑연,2025.08,19980,60000,0,0,-19980
흑연 (Graphite),중국,2504102000,CN,중국,토상(土狀)흑연,2025.09,58810,144000,0,0,-58810
흑연 (Graphite),중국,2504102000,CN,중국,토상(土狀)흑연,2025.10,68270,160000,0,0,-68270
흑연 (Graphite),중국,2504102000,CN,중국,토상(土狀)흑연,2025.11,11960,44000,0,0,-11960
흑연 (Graphite),중국,2504102000,CN,중국,토상(土狀)흑연,2025.12,97993,260000,0,0,-97993
흑연 (Graphite),중국,2504102000,CN,중국,토상(土狀)흑연,2026.01,41103,100000,0,0,-41103
흑연 (Graphite),중국,2504102000,CN,중국,토상(土狀)흑연,2026.02,62477,148000,0,0,-62477
흑연 (Graphite),중국,2504102000,CN,중국,토상(土狀)흑연,2026.03,64752,160000,0,0,-64752
흑연 (Graphite),중국,2504102000,CN,중국,토상(土狀)흑연,2026.04,57058,140000,0,0,-57058
흑연 (Graphite),중국,2504102000,CN,중국,토상(土狀)흑연,2026.05,19385,40000,0,0,-19385
흑연 (Graphite),중국,2504102000,CN,중국,토상(土狀)흑연,2026.06,65354,164000,0,0,-65354
흑연 (Graphite),호주,2504102000,AU,호주,토상(土狀)흑연,2025.08,0,0,792,1,792
흑연 (Graphite),인도네시아,2504102000,ID,인도네시아,토상(土狀)흑연,2025.09,0,0,431,200,431
흑연 (Graphite),인도네시아,2504102000,ID,인도네시아,토상(土狀)흑연,2025.10,0,0,213,100,213
리튬 (Lithium),중국,2836910000,CN,중국,탄산리튬,2025.07,335327,41095,8649424,1029180,8314097
리튬 (Lithium),중국,2836910000,CN,중국,탄산리튬,2025.08,1588533,187531,5651127,681858,4062594
리튬 (Lithium),중국,2836910000,CN,중국,탄산리튬,2025.09,210472,15017,4763298,532770,4552826
리튬 (Lithium),중국,2836910000,CN,중국,탄산리튬,2025.10,460345,47040,6453291,663198,5992946
리튬 (Lithium),중국,2836910000,CN,중국,탄산리튬,2025.11,535496,51026,7544417,676136,7008921
리튬 (Lithium),중국,2836910000,CN,중국,탄산리튬,2025.12,1962561,190141,9402585,852490,7440024
리튬 (Lithium),중국,2836910000,CN,중국,탄산리튬,2026.01,1454960,140521,9311191,695672,7856231
리튬 (Lithium),중국,2836910000,CN,중국,탄산리튬,2026.02,2966103,210008,7586287,507655,4620184
리튬 (Lithium),중국,2836910000,CN,중국,탄산리튬,2026.03,3312364,176512,20627573,1411721,17315209
리튬 (Lithium),중국,2836910000,CN,중국,탄산리튬,2026.04,2440851,130001,16874687,854501,14433836
리튬 (Lithium),중국,2836910000,CN,중국,탄산리튬,2026.05,2176236,102307,42499264,2027878,40323028
리튬 (Lithium),중국,2836910000,CN,중국,탄산리튬,2026.06,2234193,101003,23318002,1158995,21083809
리튬 (Lithium),칠레,2836910000,CL,칠레,탄산리튬,2025.07,26513007,2173945,0,0,-26513007
리튬 (Lithium),칠레,2836910000,CL,칠레,탄산리튬,2025.08,47380877,4465403,0,0,-47380877
리튬 (Lithium),칠레,2836910000,CL,칠레,탄산리튬,2025.09,13126456,1251105,0,0,-13126456
리튬 (Lithium),칠레,2836910000,CL,칠레,탄산리튬,2025.10,24664121,2680490,0,0,-24664121
리튬 (Lithium),칠레,2836910000,CL,칠레,탄산리튬,2025.11,20475027,2125277,0,0,-20475027
리튬 (Lithium),칠레,2836910000,CL,칠레,탄산리튬,2025.12,16164108,1550206,0,0,-16164108
리튬 (Lithium),칠레,2836910000,CL,칠레,탄산리튬,2026.01,17493120,1143200,0,0,-17493120
리튬 (Lithium),칠레,2836910000,CL,칠레,탄산리튬,2026.02,6380331,475421,0,0,-6380331
리튬 (Lithium),칠레,2836910000,CL,칠레,탄산리튬,2026.03,25746821,1914566,0,0,-25746821
리튬 (Lithium),칠레,2836910000,CL,칠레,탄산리튬,2026.04,9823149,740081,0,0,-9823149
리튬 (Lithium),칠레,2836910000,CL,칠레,탄산리튬,2026.05,33376564,1767701,0,0,-33376564
리튬 (Lithium),칠레,2836910000,CL,칠레,탄산리튬,2026.06,13954364,739694,0,0,-13954364
리튬 (Lithium),호주,2836910000,AU,호주,탄산리튬,2026.01,0,0,2106,3,2106
리튬 (Lithium),호주,2836910000,AU,호주,탄산리튬,2026.02,0,0,726,1,726
리튬 (Lithium),인도네시아,2836910000,ID,인도네시아,탄산리튬,2025.07,54,6,0,0,-54
리튬 (Lithium),인도네시아,2836910000,ID,인도네시아,탄산리튬,2025.08,0,0,2307995,250050,2307995
리튬 (Lithium),인도네시아,2836910000,ID,인도네시아,탄산리튬,2025.09,0,0,2391481,235046,2391481
리튬 (Lithium),인도네시아,2836910000,ID,인도네시아,탄산리튬,2025.10,0,0,2424901,270054,2424901
리튬 (Lithium),인도네시아,2836910000,ID,인도네시아,탄산리튬,2025.11,0,0,1931100,215043,1931100
리튬 (Lithium),인도네시아,2836910000,ID,인도네시아,탄산리튬,2026.02,0,0,47,0,47
리튬 (Lithium),인도네시아,2836910000,ID,인도네시아,탄산리튬,2026.03,0,0,439012,20004,439012
리튬 (Lithium),중국,2825202000,CN,중국,수산화리튬,2025.07,16338471,910502,0,0,-16338471
리튬 (Lithium),중국,2825202000,CN,중국,수산화리튬,2025.08,42711838,2573108,8986,28100,-42702852
리튬 (Lithium),중국,2825202000,CN,중국,수산화리튬,2025.09,69147014,3976026,550372,84073,-68596642
리튬 (Lithium),중국,2825202000,CN,중국,수산화리튬,2025.10,33772370,2063129,2686858,301078,-31085512
리튬 (Lithium),중국,2825202000,CN,중국,수산화리튬,2025.11,37349616,2199622,2908197,338450,-34441419
리튬 (Lithium),중국,2825202000,CN,중국,수산화리튬,2025.12,92560203,5598350,41033101,4476296,-51527102
리튬 (Lithium),중국,2825202000,CN,중국,수산화리튬,2026.01,20376198,1231467,37191627,3422275,16815429
리튬 (Lithium),중국,2825202000,CN,중국,수산화리튬,2026.02,25124403,1421583,17484356,1450605,-7640047
리튬 (Lithium),중국,2825202000,CN,중국,수산화리튬,2026.03,17151206,954579,39030720,2260667,21879514
리튬 (Lithium),중국,2825202000,CN,중국,수산화리튬,2026.04,60300136,3309000,56312819,3450117,-3987317
리튬 (Lithium),중국,2825202000,CN,중국,수산화리튬,2026.05,28108354,1617284,43012491,2463564,14904137
리튬 (Lithium),중국,2825202000,CN,중국,수산화리튬,2026.06,88673310,4378664,24413688,1226815,-64259622
리튬 (Lithium),칠레,2825202000,CL,칠레,수산화리튬,2025.07,18661551,2020424,0,0,-18661551
리튬 (Lithium),칠레,2825202000,CL,칠레,수산화리튬,2025.08,15093084,1712862,0,0,-15093084
리튬 (Lithium),칠레,2825202000,CL,칠레,수산화리튬,2025.09,7715174,900202,0,0,-7715174
리튬 (Lithium),칠레,2825202000,CL,칠레,수산화리튬,2025.10,15344291,1683375,0,0,-15344291
리튬 (Lithium),칠레,2825202000,CL,칠레,수산화리튬,2025.11,22399357,2552091,0,0,-22399357
리튬 (Lithium),칠레,2825202000,CL,칠레,수산화리튬,2025.12,15045456,1718477,0,0,-15045456
리튬 (Lithium),칠레,2825202000,CL,칠레,수산화리튬,2026.01,8990718,990221,0,0,-8990718
리튬 (Lithium),칠레,2825202000,CL,칠레,수산화리튬,2026.02,14886475,1559843,0,0,-14886475
리튬 (Lithium),칠레,2825202000,CL,칠레,수산화리튬,2026.03,18053204,1620615,0,0,-18053204
리튬 (Lithium),칠레,2825202000,CL,칠레,수산화리튬,2026.04,9898213,518608,0,0,-9898213
리튬 (Lithium),칠레,2825202000,CL,칠레,수산화리튬,2026.05,26866107,1377307,0,0,-26866107
리튬 (Lithium),칠레,2825202000,CL,칠레,수산화리튬,2026.06,18510694,937697,0,0,-18510694
리튬 (Lithium),호주,2825202000,AU,호주,수산화리튬,2025.07,3867622,504056,227566,20000,-3640056
리튬 (Lithium),호주,2825202000,AU,호주,수산화리튬,2025.08,1893738,252028,0,0,-1893738
리튬 (Lithium),호주,2825202000,AU,호주,수산화리튬,2025.09,497,33,0,0,-497
리튬 (Lithium),호주,2825202000,AU,호주,수산화리튬,2025.10,17745,1800,0,0,-17745
리튬 (Lithium),호주,2825202000,AU,호주,수산화리튬,2025.11,4858246,504586,0,0,-4858246
리튬 (Lithium),호주,2825202000,AU,호주,수산화리튬,2025.12,2555060,252028,0,0,-2555060
리튬 (Lithium),호주,2825202000,AU,호주,수산화리튬,2026.01,5657872,504056,0,0,-5657872
리튬 (Lithium),호주,2825202000,AU,호주,수산화리튬,2026.02,4587945,252085,879,101,-4587066
리튬 (Lithium),호주,2825202000,AU,호주,수산화리튬,2026.03,4390676,252028,0,0,-4390676
리튬 (Lithium),호주,2825202000,AU,호주,수산화리튬,2026.04,574,20,0,0,-574
리튬 (Lithium),호주,2825202000,AU,호주,수산화리튬,2026.05,1437,5,0,0,-1437
리튬 (Lithium),인도네시아,2825202000,ID,인도네시아,수산화리튬,2025.07,67,5,0,0,-67
리튬 (Lithium),인도네시아,2825202000,ID,인도네시아,수산화리튬,2025.09,3872363,225016,0,0,-3872363
리튬 (Lithium),인도네시아,2825202000,ID,인도네시아,수산화리튬,2025.10,6507202,360201,0,0,-6507202
리튬 (Lithium),인도네시아,2825202000,ID,인도네시아,수산화리튬,2025.11,3252958,180080,0,0,-3252958
리튬 (Lithium),인도네시아,2825202000,ID,인도네시아,수산화리튬,2025.12,12752396,918276,0,0,-12752396
리튬 (Lithium),인도네시아,2825202000,ID,인도네시아,수산화리튬,2026.01,14524563,859811,0,0,-14524563
리튬 (Lithium),인도네시아,2825202000,ID,인도네시아,수산화리튬,2026.02,7832703,490676,0,0,-7832703
리튬 (Lithium),인도네시아,2825202000,ID,인도네시아,수산화리튬,2026.03,16409056,1134267,0,0,-16409056
리튬 (Lithium),인도네시아,2825202000,ID,인도네시아,수산화리튬,2026.04,10298188,612212,0,0,-10298188
리튬 (Lithium),인도네시아,2825202000,ID,인도네시아,수산화리튬,2026.05,27360410,1269415,0,0,-27360410
리튬 (Lithium),인도네시아,2825202000,ID,인도네시아,수산화리튬,2026.06,51429826,2349561,0,0,-51429826
코발트 (Cobalt),호주,2605000000,AU,호주,코발트광과 그 정광(精鑛),2026.01,34880,34880,0,0,-34880
코발트 (Cobalt),호주,2605000000,AU,호주,코발트광과 그 정광(精鑛),2026.03,61760,61760,0,0,-61760
코발트 (Cobalt),호주,2605000000,AU,호주,코발트광과 그 정광(精鑛),2026.04,38540,38540,0,0,-38540
코발트 (Cobalt),호주,2605000000,AU,호주,코발트광과 그 정광(精鑛),2026.06,36816,28320,0,0,-36816
니켈 (Nickel),호주,2604000000,AU,호주,니켈광과 그 정광(精鑛),2025.07,10,1,0,0,-10
니켈 (Nickel),호주,2604000000,AU,호주,니켈광과 그 정광(精鑛),2025.11,57,30,0,0,-57
니켈 (Nickel),필리핀,2604000000,PH,필리핀,니켈광과 그 정광(精鑛),2025.10,39421,59490,0,0,-39421
니켈 (Nickel),인도네시아,2604000000,ID,인도네시아,니켈광과 그 정광(精鑛),2025.09,10,5,0,0,-10
망간 (Manganese),중국,2602000000,CN,중국,망간광과 그 정광(精鑛)[건조 상태에서 측정한 망간의 함유량이 전 중량의 100분의 20 이상인 철망간광과 그 정광(精鑛)을 포함한다],2025.08,5247,15000,0,0,-5247
망간 (Manganese),중국,2602000000,CN,중국,망간광과 그 정광(精鑛)[건조 상태에서 측정한 망간의 함유량이 전 중량의 100분의 20 이상인 철망간광과 그 정광(精鑛)을 포함한다],2025.09,309,55,0,0,-309
망간 (Manganese),중국,2602000000,CN,중국,망간광과 그 정광(精鑛)[건조 상태에서 측정한 망간의 함유량이 전 중량의 100분의 20 이상인 철망간광과 그 정광(精鑛)을 포함한다],2026.01,118,456,0,0,-118
망간 (Manganese),중국,2602000000,CN,중국,망간광과 그 정광(精鑛)[건조 상태에서 측정한 망간의 함유량이 전 중량의 100분의 20 이상인 철망간광과 그 정광(精鑛)을 포함한다],2026.02,200,0,0,0,-200
망간 (Manganese),중국,2602000000,CN,중국,망간광과 그 정광(精鑛)[건조 상태에서 측정한 망간의 함유량이 전 중량의 100분의 20 이상인 철망간광과 그 정광(精鑛)을 포함한다],2026.05,9550,20000,0,0,-9550
망간 (Manganese),호주,2602000000,AU,호주,망간광과 그 정광(精鑛)[건조 상태에서 측정한 망간의 함유량이 전 중량의 100분의 20 이상인 철망간광과 그 정광(精鑛)을 포함한다],2025.07,1332252,5248100,0,0,-1332252
망간 (Manganese),호주,2602000000,AU,호주,망간광과 그 정광(精鑛)[건조 상태에서 측정한 망간의 함유량이 전 중량의 100분의 20 이상인 철망간광과 그 정광(精鑛)을 포함한다],2025.09,1230143,5267350,0,0,-1230143
망간 (Manganese),호주,2602000000,AU,호주,망간광과 그 정광(精鑛)[건조 상태에서 측정한 망간의 함유량이 전 중량의 100분의 20 이상인 철망간광과 그 정광(精鑛)을 포함한다],2025.11,1954849,9780111,0,0,-1954849
희토류 (Rare Earths),중국,2846100000,CN,중국,세륨화합물,2025.07,514823,30302,0,0,-514823
희토류 (Rare Earths),중국,2846100000,CN,중국,세륨화합물,2025.08,526201,27667,0,0,-526201
희토류 (Rare Earths),중국,2846100000,CN,중국,세륨화합물,2025.09,318253,245024,0,0,-318253
희토류 (Rare Earths),중국,2846100000,CN,중국,세륨화합물,2025.10,222660,37268,0,0,-222660
희토류 (Rare Earths),중국,2846100000,CN,중국,세륨화합물,2025.11,181546,35527,259,3,-181287
희토류 (Rare Earths),중국,2846100000,CN,중국,세륨화합물,2025.12,475468,41709,0,0,-475468
희토류 (Rare Earths),중국,2846100000,CN,중국,세륨화합물,2026.01,217891,10369,0,0,-217891
희토류 (Rare Earths),중국,2846100000,CN,중국,세륨화합물,2026.02,541141,46503,0,0,-541141
희토류 (Rare Earths),중국,2846100000,CN,중국,세륨화합물,2026.03,81539,26394,0,0,-81539
희토류 (Rare Earths),중국,2846100000,CN,중국,세륨화합물,2026.04,137102,29302,0,0,-137102
희토류 (Rare Earths),중국,2846100000,CN,중국,세륨화합물,2026.05,131567,37502,0,0,-131567
희토류 (Rare Earths),중국,2846100000,CN,중국,세륨화합물,2026.06,307265,76052,0,0,-307265
희토류 (Rare Earths),인도네시아,2846100000,ID,인도네시아,세륨화합물,2025.08,0,0,14,0,14
희토류 (Rare Earths),인도네시아,2846100000,ID,인도네시아,세륨화합물,2025.09,0,0,36,0,36
희토류 (Rare Earths),인도네시아,2846100000,ID,인도네시아,세륨화합물,2025.11,0,0,84,0,84
희토류 (Rare Earths),중국,2846909000,CN,중국,기타,2025.07,3745105,218015,137160,240,-3607945
희토류 (Rare Earths),중국,2846909000,CN,중국,기타,2025.08,3341745,87137,165634,385,-3176111
희토류 (Rare Earths),중국,2846909000,CN,중국,기타,2025.09,7060928,258590,38957,6113,-7021971
희토류 (Rare Earths),중국,2846909000,CN,중국,기타,2025.10,4260264,104875,14889,35,-4245375
희토류 (Rare Earths),중국,2846909000,CN,중국,기타,2025.11,527962,299694,171416,353,-356546
희토류 (Rare Earths),중국,2846909000,CN,중국,기타,2025.12,8861079,38897,177366,12311,-8683713
희토류 (Rare Earths),중국,2846909000,CN,중국,기타,2026.01,5975274,37215,153063,412,-5822211
희토류 (Rare Earths),중국,2846909000,CN,중국,기타,2026.02,1585816,5738,15401,54,-1570415
희토류 (Rare Earths),중국,2846909000,CN,중국,기타,2026.03,3504966,14241,162393,423,-3342573
희토류 (Rare Earths),중국,2846909000,CN,중국,기타,2026.04,1486232,133288,24074,93,-1462158
희토류 (Rare Earths),중국,2846909000,CN,중국,기타,2026.05,1731670,35399,159651,207,-1572019
희토류 (Rare Earths),중국,2846909000,CN,중국,기타,2026.06,4743431,32442,2523,4,-4740908
희토류 (Rare Earths),호주,2846909000,AU,호주,기타,2025.07,0,0,12780,20,12780
희토류 (Rare Earths),호주,2846909000,AU,호주,기타,2025.08,0,0,36,0,36
희토류 (Rare Earths),호주,2846909000,AU,호주,기타,2025.09,0,0,12890,20,12890
희토류 (Rare Earths),호주,2846909000,AU,호주,기타,2025.11,0,0,12780,20,12780
희토류 (Rare Earths),호주,2846909000,AU,호주,기타,2025.12,0,0,12924,20,12924
희토류 (Rare Earths),호주,2846909000,AU,호주,기타,2026.01,0,0,13176,20,13176
희토류 (Rare Earths),호주,2846909000,AU,호주,기타,2026.02,0,0,12780,20,12780
희토류 (Rare Earths),호주,2846909000,AU,호주,기타,2026.03,0,0,12780,20,12780
희토류 (Rare Earths),호주,2846909000,AU,호주,기타,2026.04,0,0,43,0,43
희토류 (Rare Earths),호주,2846909000,AU,호주,기타,2026.05,0,0,25560,40,25560
희토류 (Rare Earths),호주,2846909000,AU,호주,기타,2026.06,0,0,12780,20,12780
희토류 (Rare Earths),인도네시아,2846909000,ID,인도네시아,기타,2025.11,0,0,5520,91,5520
희토류 (Rare Earths),인도네시아,2846909000,ID,인도네시아,기타,2026.02,0,0,17384,270,17384
희토류 (Rare Earths),중국,2805301000,CN,중국,세륨족,2025.08,5472,16,0,0,-5472
희토류 (Rare Earths),중국,2805301000,CN,중국,세륨족,2025.09,564,1,0,0,-564
희토류 (Rare Earths),중국,2805301000,CN,중국,세륨족,2025.10,4842,57,0,0,-4842
희토류 (Rare Earths),중국,2805301000,CN,중국,세륨족,2025.11,82,0,0,0,-82
희토류 (Rare Earths),중국,2805301000,CN,중국,세륨족,2026.01,2536,21,0,0,-2536
희토류 (Rare Earths),중국,2805301000,CN,중국,세륨족,2026.02,1915,0,0,0,-1915
희토류 (Rare Earths),중국,2805301000,CN,중국,세륨족,2026.03,612,0,0,0,-612
희토류 (Rare Earths),중국,2805301000,CN,중국,세륨족,2026.04,2250,1,0,0,-2250
희토류 (Rare Earths),중국,2805301000,CN,중국,세륨족,2026.05,5642,20,0,0,-5642
희토류 (Rare Earths),중국,2805301000,CN,중국,세륨족,2026.06,639,50,0,0,-639
희토류 (Rare Earths),호주,2805301000,AU,호주,세륨족,2025.08,0,0,76,0,76
희토류 (Rare Earths),호주,2805301000,AU,호주,세륨족,2026.01,0,0,77,0,77
