date,title,summary,url
2026-07-31,"US officials pressed China on rare earths, farm goods commitments, Bessent says","▶ 9월 정상회담을 앞두고 미국이 중국 측에 희토류 공급 보장과 농산물 구매 등 기존 합의 이행을 촉구함
▶ 중국은 미 기업 대상 희토류 수출 통제를 확대하며 미국의 대중 기술 제재에 강력 반발함
▶ 미국은 중국의 연이은 규제 강화를 지적하며 사태 악화 시 상응하는 후과가 따를 것임을 경고함",https://www.reuters.com/world/asia-pacific/us-officials-discussed-rare-earths-farm-products-with-china-bessent-says-2026-07-30/
2026-07-31,"이 대통령 ""한-칠레 FTA 개선…핵심광물 공급망 협력 더욱 강화""","▶ 한국과 칠레가 양국 FTA 개선을 위한 자유무역위원회를 재가동하고 핵심광물 및 에너지 분야의 '투자협력 양해각서'를 체결함
▶ 리튬·구리 풍부국인 칠레와 첨단기술 강국인 한국이 핵심광물 공급망 전반, 차카오 교량 인프라, 치안·방산 분야 협력을 강화하기로 합의함
▶ 양국은 남극 연구 및 K-컬처 교류를 확대하고, 한반도 평화 정착과 2028년 유엔 해양총회 공동 개최 등 국제무대 공조를 약속함",https://www.korea.kr/news/policyNewsView.do?newsId=148969121&pWise=main&pWiseMain=A1
2026-07-28,Brazil encourages South Korea to jointly invest in the critical minerals sector,"▶ 브라질이 니켈, 희토류 등 자국의 풍부한 매장량을 바탕으로 핵심 광물 공급망 다변화를 추진 중인 한국 기업들에게 공동 투자 및 협력 강화를 제안함
▶ 양국 정상회담을 통해 광물 채굴·정제부터 연구개발(R&D)까지 가치사슬 전반에 걸친 공조와 더불어 한-메르코수르(Mercosur) 무역협정 추진을 논의함",https://www.reutersconnect.com/item/brazil-encourages-south-korea-to-jointly-invest-in-the-critical-minerals-sector/dGFnOnJldXRlcnMuY29tLDIwMjY6bmV3c21sX09XRUZWQzU1MDIxMDE2NTUxMDAx
2026-07-27,Australia and Japan can help build the G7’s critical-minerals future,"▶ 호주-일본 간 핵심 광물 분야 협력 강화를 통해 G7의 특정국(중국) 의존도 축소 목표(2030년까지 단일 공급국 비중 60% 이하) 달성에 기여할 수 있다고 발언함
▶ 중국의 수출 통제 사례를 지적하며 단순 시장 논리를 넘어 '지방정치적·전략적 집중도'를 종합 측정·관리하는 '전략적 다변화 프레임워크' 도입을 제시함
▶ 비상용 비축고 공조와 더불어, 필요시 합리적으로 설계된 '관세율 할당제(TRQ)' 등 정부 차원의 적극적 정책 개입을 통해 신뢰할 수 있는 다자간 공급망을 구축해야 함을 강조함",https://www.aspistrategist.org.au/australia-and-japan-can-help-build-the-g7s-critical-minerals-future/
2026-07-27,Insight: Trump may need to allow Chinese minerals as US industry struggles to meet 2027 deadline,"▶ 트럼프 행정부의 2027년 1월 중국산 핵심 광물 수입 금지 시한이 다가오나, 미국 내 채굴 및 제련 인프라 부족으로 이행이 난항을 겪고 있음
▶ 기술적 복잡성과 중국의 시장 가격 인하 공세로 국내 공급량이 수요를 충족하지 못해, 국방부 및 방산업체 대상 예외 적용 연장이 불가피한 상황임
▶ 미 정부가 120억 달러 규모 비축 사업(Project Vault)과 자금 지원을 추진 중이나, 완전한 공급망 자립에는 향후 수년이 더 걸릴 것으로 전망됨",https://www.reuters.com/legal/government/trump-may-need-allow-chinese-minerals-us-industry-struggles-meet-2027-deadline-2026-07-27/
2026-07-22,Can the US and its allies break China’s grip on rare earths and AI technology?,"▶ 제이콥 헬버그 미 국무부 경제차관은 중국의 핵심 광물 통제에 대응해 24개국 연합체인 '팩스 실리카(Pax Silica)'를 중심으로 광물, 정련, 반도체, 물류를 아우르는 전체 공급망 차원의 대중 의존도 탈피 전략을 추진 중이라고 밝힘
▶ 미 국방부 무기 체계 부품의 78%(해군은 92%)가 중국산 광물에 의존하는 만큼, 트럼프 대통령의 행정명령을 통해 방산업체의 중국산 자재 배제를 강제하는 등 자국 및 우방국 중심의 국방·AI 공급망 재편을 서두르고 있음",https://www.scmp.com/news/china/diplomacy/article/3361372/can-us-and-its-allies-break-chinas-grip-rare-earths-and-ai-technology
2026-07-21,Trump order targets China-linked military mineral supply chains,"▶ 도널드 트럼프 미 대통령은 국방 부문의 중국산 핵심 광물 의존도를 낮추기 위해 미 방산업체들이 2027년 1월부터 중국 연계 공급망에서 벗어나도록 강제하는 행정명령에 서명함
▶ 미 국방부 무기 체계 부품의 78%(해군은 92%)가 중국산 핵심 광물에 의존하는 상황에서, 방산계약업체들은 원자재부터 최종 제품까지 전체 공급망을 추적하고 중국산 배제 이행 계획을 제출해야 함
▶ 최근 중국이 미 희토류 기업들을 수출 통제 목록에 올리는 등 양국의 보복성 규제가 재발한 가운데, 미 백악관은 이를 중국의 '식량 고사' 전략으로 비판한 반면 중국 측은 냉전적 사고방식이라며 강력히 반발함",https://www.scmp.com/news/us/politics/article/3361267/trump-order-targets-china-linked-military-mineral-supply-chains
2026-07-21,"As US works to end reliance on China for critical minerals, mining companies see opportunity","▶ 미 정부는 핵심 광물 대중 의존도를 안보 위협으로 보고 방산업체의 중국산 자재 배제를 강제하는 행정명령을 발령함
▶ 이를 위해 고려아연, MP 머티리얼즈 등 주요 광업·정련 기업 지분을 직접 매입하는 등 100억 달러 규모의 연방 자금을 투입함
▶ 중국의 수출 통제와 미국의 대규모 자금 지원이 맞물리면서 자국 내 광물 생산·정련 기업들은 큰 시장 기회를 맞이함",https://smallwarsjournal.com/2026/07/21/critical-minerals-us-mining-opportunity/
2026-07-18,"Quebec ‘doubles down’ on Europe in bid to de-risk from US, China","▶ 크리스토퍼 스키트 캐나다 퀘벡주 국제관계부 장관은 미국의 관세 폭탄과 중국의 핵심 광물 수출 통제에 대응하여 유럽과의 경제적 유대를 강화하고 공급망 회복력을 높이는 데 집중하고 있다고 밝힘
▶ 퀘벡주는 수출의 70% 이상을 미국에 의존해 왔으나, 트럼프 행정부의 관세 부과로 알루미늄 산업 등이 타격을 입자 단일 시장 리스크를 줄이기 위해 가치를 공유하는 유럽으로 눈을 돌리고 있음
▶ 리튬과 흑연 등 핵심 광물이 풍부한 퀘벡주는 유럽이 아시아 의존도를 낮추고 자원 주권을 확보할 수 있도록 채굴 및 제련 능력을 키우고 있으며, EU의 방위 기금 프로그램을 통해 방산 분야의 경제 통합도 추진 중임",https://www.euractiv.com/news/quebec-doubles-down-on-europe-in-bid-to-de-risk-from-us-china/
2026-07-18,IEA sees $6.5 trillion at risk if China imposes rare earth curbs,"▶ 국제에너지기구(IEA)는 중국이 희토류 수출 제한을 전면 시행할 경우, 전 세계적으로 매년 6조 5,000억 달러 규모의 제조업 생산이 차질을 빚을 수 있다고 경고함
▶ 파티 비롤 IEA 사무총장은 공급망 집중으로 인한 경제적 리스크를 지적하며, 공급망 다변화에 드는 추가 비용은 지정학적 불확실성 시대의 '광물 안보 보험료'와 같다고 강조함
▶ 미국 등의 투자로 중국의 희토류 점유율이 90%에서 85%로 다소 낮아졌으나 정련 분야의 집중도는 여전히 높으며, IEA는 리스크가 큰 11개 핵심 자원의 다자간 공동 비축을 대안으로 제시함",https://www.mining.com/web/iea-sees-6-5-trillion-at-risk-if-china-imposes-rare-earth-curbs/
2026-07-14,Abidjan puts around 63 billion USD on the table for critical minerals,"▶ 코트디부아르 정부는 지난 10일 아비장(Abidjan)에서 열린 핵심광물 장관급 포럼에서 2026~2040년 동안 총 38조 세파프랑(약 630억 달러)을 투자하는 '광물자원·에너지 통합 정책(PIRME)' 로드맵을 발표했음
▶ 마마두 상가포와 쿨리발리 광물·석유·에너지부 장관은 코트디부아르 영토의 75%가 핵심 광물 잠재 지역이라고 강조하며, 단순히 원자재를 수출하는 기존 모델에서 벗어나 아프리카 대륙 차원의 상호 연결된 가치사슬을 구축해 현지 부가가치를 높여야 한다고 주장했음
▶ 아프리카개발은행(AfDB)이 주최한 이번 포럼에는 아프리카 30여 개국 장관과 주요 투자자들이 참석해 글로벌 에너지 전환에 필수적인 핵심 광물을 아프리카 현지 산업화와 지속 가능한 번영의 지렛대로 전환하기 위한 협력 방안을 논의했음",https://www.financialafrik.com/en/2026/07/14/abidjan-puts-around-63-billion-usd-on-the-table-for-critical-minerals/
2026-07-13,Trump Looks to Australian Superannuation For Inspiration,"▶ 트럼프 미국 대통령이 자국의 부실한 연금 체계를 개혁하기 위해 호주의 퇴직연금(Superannuation) 시스템을 벤치마킹하라고 재무장관과 상무장관에게 지시했음
▶ 세계 최대 광산업체인 BHP 그룹은 핵심 구리 사업에 자본을 집중하기 위해 칠레의 해수 담수화 플랜트와 전력 송전 자산 매각을 검토하고 있음
▶ 미국 중부사령부는 호르무즈 해협을 통과하는 민간 선박에 대한 공격 능력을 약화시키기 위해 이란에 추가 공습을 감행했으며, 이에 따라 국제 유가가 급등했음",https://www.bloomberg.com/news/newsletters/2026-07-12/trump-looks-to-australian-superannuation-anz-group-veteran-tonkin-to-retire
2026-07-09,Chinese companies use rare earths ban to squeeze out foreign rivals,"▶ 중국의 희토류(이트륨 등) 수출 통제로 일본 경쟁사들이 타격을 입은 사이, 중국 제조업체들이 고부가가치 소재 시장을 장악하는 기회를 맞이함
▶ 일본 총리의 대만 관련 발언 이후 대일 수출이 제한되자, 일본산 고품질 소재를 쓰던 기업들이 중국 국산 제품으로 빠르게 전환하며 기술 격차를 좁히고 있음",https://www.ft.com/content/541e9027-1e3b-49d8-bfdb-4b54fba1a97e?syn-25a6b1a6=1
2026-07-07,"Ottawa announces investment of up to $400M in Teck critical minerals smelter in Trail, B.C.","▶ 캐나다 정부가 경제 주권과 안보 확보를 위해 '비판적 광물 가속화 프로그램'의 첫 지원 대상으로 테크 리소시스(Teck Resources)의 트레일 제련소를 선정하고 최대 4억 달러를 투자하기로 발표함
▶ 이번 투자를 통해 반도체, 광섬유, 방산 레이더 등에 필수적이지만 중국이 공급을 독점하고 있는 게르마늄과 안티모니 생산량을 두 배로 늘리고 갈륨 생산 능력을 새로 확충할 계획임
▶ 캐나다 연방정부는 미래 생산량의 일부를 구매해 자국 내 전략 비축량을 구축할 수 있는 권리도 확보했으며, 이를 통해 중·러와의 무역 전쟁 및 지정학적 위기 속에서 나토(NATO) 동맹국들과 함께 대중국 자원 의존도를 낮추고자 함",https://www.cbc.ca/news/canada/british-columbia/trail-smelter-9.7261998
2026-07-06,Why Peru wants to shift its relationship with China beyond raw mineral supplies,"▶ 페루가 구리·철 등 원자재 수출에 90% 이상 의존하는 대중국 교역 구조에서 벗어나, 배터리 생산 등 제조업 투자 유치와 경제 다변화를 목표로 하는 새로운 경제 협력 단계를 추진하고 있음
▶ 이를 위해 중국 자본이 투입된 35억 달러 규모의 찬카이항을 남미 물류 허브로 키우고 특구 세제 혜택을 제공하는 등 현지 산업화를 도모하고 있음",https://www.scmp.com/news/china/diplomacy/article/3359631/why-peru-wants-shift-its-relationship-china-beyond-raw-mineral-supplies
2026-07-05,China accused of foreign interference over remote WA mine,"▶ 미사일·전투기 제조에 필수적인 중희토류가 풍부해 중국의 독점을 깰 핵심 요충지로 꼽히는 호주 '노던 미네랄스' 광산에 대해, 중국이 우회 투자를 통해 개발을 통제하고 방해하려 했다는 외국인 간섭 의혹이 제기됨
▶ 호주 정부가 안보 이유로 중국계 주주들에게 지분 매각을 명령했으나, 섀도우 컴퍼니 등을 통한 편법 양도로 우회 지배를 시도하고 있음
▶ 트럼프 미 행정부와 호주 정부가 공급망 다변화를 위해 해당 광산에 합작 투자를 조율 중인 가운데, 호주 정계는 중국의 간섭에 강경 대응을 촉구하고 있으며 중국 측은 '탈중국화'라며 반발하고 있음",https://www.nine.com.au/australia-news/china-accused-of-foreign-interference-over-remote-wa-mine-20260703-p60ci1.html
2026-06-29,Korea Zinc Strengthens Cooperation with Australia on Critical Minerals Supply Chain,"▶ 최윤범 고려아연 회장이 호주 총리 및 퀸즐랜드 주지사와 연쇄 회동을 갖고, 핵심 광물 공급망 구축과 친환경 에너지 전환을 위한 협력 방안을 논의함
▶ 퀸즐랜드 주정부는 미국 정부와 진행 중인 광물 협력 논의와 연계하여, 고려아연이 미국에서 추진 중인 통합 핵심 광물 제련소 사업과의 협력 기회를 모색하기로 함
▶ 고려아연은 호주 자회사 SMC의 광물 생산 확대를 바탕으로 태양광·풍력·그린 수소 등 신재생 에너지 중심의 미래 성장 전략인 '트로이카 드라이브'를 가속화할 방침임",https://www.asiae.co.kr/en/article/2026062916254065182
2026-06-28,Trump Cut a Billion-Dollar Mining Deal. His Sons Stand to Profit,"▶ 미국 정부가 전투기 등에 필수적인 핵심 광물 '텅스텐'을 확보하기 위해 카자흐스탄과 대규모 채굴 협정을 체결했으나, 이 과정에서 트럼프 대통령과 러트닉 상무장관의 자녀들이 개입해 사익을 챙겼다는 의혹이 제기됨
▶ 정부 간 자금 지원 논의가 오간 직후, 트럼프 주니어와 에릭 트럼프의 투자사가 카자흐스탄 광물 사업권 지분 20%를 인수했고, 러트닉 장관의 아들들이 운영하는 금융사 역시 자금 조달을 도우며 수익을 올림
▶ 중국의 공급망 무기화에 맞선 국가 안보 사업을 추진하면서 최고위층 자녀들이 배후에서 사적 이익을 추구하는 이익 상충 논란이 불거져 거센 비판을 받고 있음",https://www.nytimes.com/2026/06/28/world/europe/trump-lutnick-sons-kazakhstan.html
2026-06-25,Army Will Lease Land on Bases for Critical Mineral Production,"▶ 미 육군은 중국의 공급망 독점에 대응하기 위해 국내 군사기지 부지를 민간 광물 기업들에 임대하여 핵심 광물(흑연, 리튬, 붕소, 희토류) 제련 및 가공 공장을 건설하도록 하는 파격적인 정책을 발표함
▶ 타이탄 마이닝, 에너지X 등 선정된 기업들은 약 20억 달러를 투자해 2027년부터 공장 건설에 나설 예정이며, 육군은 현금 임대료 대신 제련된 광물 출력물의 일정 비율을 직접 인도받아 드론, 방탄복 등 군사 장비 제조업에 활용할 계획임",https://www.wsj.com/politics/national-security/army-will-lease-land-on-bases-for-critical-mineral-production-e714d576
2026-06-24,US targets Cuba mining sector in move with implications for China-linked supply chains,"▶ 트럼프 행정부는 중국계 엔지니어링 및 자금이 투입된 쿠바 국영 광물 기업 '지오미네라'를 제재하며, 핵심 광물 공급망 내 적대국 흔적 지우기에 나섬
▶ 이와 함께 쿠바 군부 산하의 핵심 물류 및 금융 인프라 기업들도 제재 명단에 추가하여 외자 유치 경로를 전방위로 차단함",https://www.scmp.com/news/china/diplomacy/article/3358112/us-targets-cuba-mining-sector-move-implications-china-linked-supply-chains
2026-06-24,China Pressures Takaichi with Critical Mineral Export Restrictions,"▶ 중국은 다카이치 사나에 일본 총리의 대만 관련 발언에 대한 반발로 텅스텐, 디스프로슘, 터븀, 이트륨 등 일본의 EV 및 반도체 제조업에 필수적인 핵심 광물의 대일 수출을 사실상 중단·제한하는 표적 압박을 가하고 있음
▶ 일본 기업들이 재고 소진과 대체 공급망 확보에 어려움을 겪으며 우려를 표하고 있으나, 일본 대사의 면담 요청이 거부되는 등 양국 간 외교 채널은 사실상 마비된 상태임",https://www.asiae.co.kr/en/article/2026062414270508920
2026-06-22,UK to invest $66 million in critical minerals to reduce import reliance,"▶ 영국 정부가 핵심 광물의 해외 의존도를 낮추고 경제 회복력을 강화하기 위해 5,000만 파운드(약 6,600만 달러) 규모의 추가 투자 계획을 발표함
▶ 이번 자금은 희토류 자석 허브 조성(2,000만 파운드), 프로젝트 확장 가속화(2,500만 파운드), 민간 투자 유치용 산업 수요 통합 플랫폼(500만 파운드) 등 3대 축을 중심으로 채굴, 가공, 재활용 전반에 투입됨",https://www.reuters.com/world/uk/uk-invest-66-million-critical-minerals-reduce-import-reliance-2026-06-21/
2026-06-21,Is the G7 Building a Critical Minerals NATO?,"▶ G7 국가들은 지난 3년간 각국의 광물 안보 구상을 통합하며 우방국 간의 거대한 핵심 광물 공급망 프레임워크를 구축 중임
▶ 공식 기구는 없으나 중국의 자원 무기화에 대응해 광물을 방산·안보와 직결된 전략 자산으로 다루며 '광물 나토(NATO)'식 집단 대응 체제를 형성하는 모습을 보임",https://investornews.com/market-opinion/is-the-g7-building-a-critical-minerals-nato/
2026-06-20,China’s key minerals exports to Japan stay at low levels in May,"▶ 중국의 대일본 핵심 광물 수출이 다수의 텅스텐 품목과 디스프로슘, 터븀 등 핵심 희토류 항목에서 지난 5월 기준 수치 '0'을 기록하며 이례적인 저조세를 이어감
▶ 이는 다카이치 사나에 일본 총리의 대만 관련 발언에 반발한 중국 정부가 올해 1월부터 민군 겸용 품목에 대한 대일본 수출 통제 및 심사를 대폭 강화했기 때문임
▶ 미쓰비시 머티리얼즈 등 일본 기업들은 대체 공급망 확보로 대응 중이며, 일본 정부는 지난주 G7 정상회의에 참석해 특정국에 대한 희토류 의존도를 60% 미만으로 낮추기로 합의함",https://www.japantimes.co.jp/business/2026/06/20/china-japan-mineral-exports-low/
2026-06-18,China defends critical minerals export controls after G7 statement,"▶ 중국 외교부는 핵심 광물 수출 통제 조치가 세계 평화와 국제 의무 이행을 위한 정당한 관례라며 정당성을 주장함
▶ G7 정상들이 대중국 광물 의존도를 낮추기로 합의하자, 중국은 국제 무역 질서를 해치는 '소집단 규정' 강요를 중단하라며 반발함
▶ 서방은 지난해 중국의 영구자석 규제 이후 공급망 다변화를 서두르고 있으며, 2030년까지 대중국 희토류 의존도를 60% 미만으로 낮추겠다는 목표를 세움",https://www.reuters.com/world/asia-pacific/china-defends-critical-minerals-export-controls-after-g7-statement-2026-06-18/
2026-06-17,G7 leaders tackle reliance on China for critical minerals,"▶ 프랑스 에비앙레뱅에서 열린 G7 정상회의 마지막 날, 의장국인 프랑스는 핵심 광물의 대중국 의존도를 낮추고 자국 투자자를 보호하기 위한 공동 성명 채택을 추진함
▶ 이번 회의에서는 가격 지지, 보조금, 구매 보증 등 서방 중심의 공급망 확보 방안이 논의되었으나, 미국의 양자 협상 및 AI 기반 가격 책정안(OPEN 모델)에 대해 G7 동맹국들이 거버넌스와 비용 문제로 회의적인 반응을 보이며 이견을 드러냄
▶ G7 지도자들은 핵심 광물 외에도 중국의 과잉 생산과 불공정 보조금으로 인한 글로벌 경제 불균형(제2의 차이나 쇼크) 대응책을 논의했으며, 인공지능(AI)의 글로벌 거버넌스 및 신뢰성 문제도 함께 다룸",https://www.globalbankingandfinance.com/g7-leaders-tackle-reliance-china-critical-minerals/
2026-06-17,"Canada secures new defense, critical minerals partnerships at G7 summit","▶ 마크 카니 캐나다 총리는 프랑스 에비앙 G7 정상회의에서 8개국 이상과 총 13개의 새로운 국방 및 핵심 광물 파트너십을 체결했다고 발표함
▶ 이번 협정은 캐나다 주도로 출범한 '핵심 광물 복원력 및 생산 동맹'을 통해 추진되었으며, 국내 가치 사슬 전반에 걸쳐 50억 달러 이상의 자본 투자를 유치할 것으로 기대됨
▶ 주요 광물 사업으로 독일, 일본, 이탈리아, 프랑스 기업들이 캐나다 현지 광산 및 정제 프로젝트에 투자하기로 했으며, 한국·프랑스·독일·이탈리아는 광물 비축 이니셔티브 동참 의사를 밝힘
▶ 국방 분야에서는 EU의 안보 조치(SAFE) 이니셔티브를 통해 폴란드 공군에 전술 라디오를 공급하는 첫 조달 계약을 따냈으며, 이탈리아와는 고등훈련기(M-346) 도입 협상을, 인도·독일과는 정보보호협정(GSOIA) 협상을 시작하기로 합의함",https://www.aa.com.tr/en/americas/canada-secures-new-defense-critical-minerals-partnerships-at-g7-summit/3970163
2026-06-15,"Insight: Trump's critical minerals pricing plan faces skeptical G7, divided industry","▶ 트럼프 행정부의 핵심 광물 가격 규제 및 무역 블록 구상이 G7 우방국의 회의론과 미국 내 광산업계의 분열로 난항을 겪고 있음
▶ 미 국방부 AI(OPEN) 기반 가격 책정 방식에 대해 유럽 국가들이 미국 주도의 가격 통제를 우려하며 시장 중심 인덱스를 선호하고 있음
▶ 미국은 신속한 양자 협상을 선호하나 프랑스·캐나다는 G7 중심 다자 협력 및 영구 사무국 설치를 주장하며 대립 중",https://www.reuters.com/world/americas/trumps-critical-minerals-pricing-plan-faces-skeptical-g7-divided-industry-2026-06-15/
2026-06-15,Ontario Secures Critical Mineral Agreement with United Kingdom to Strengthen Allied Supply Chains,"▶ 캐나다 온타리오주와 영국 정부는 동맹국 간 핵심 광물 공급망을 강화하고 대서양 횡단 협력을 공고히 하기 위한 의향서(SOI)를 체결함
▶ 이번 협정은 글로벌 정제 용량의 최대 90%를 통제하는 중국에 대한 의존도를 낮추고, 배터리·전기차·방산에 필수적인 니켈, 리튬, 코발트 등의 공급망 복원력을 높이는 것이 목적임
▶ 양측은 공공·민간·학계 연계를 통한 신규 투자 기회 창출, 광물 가치 사슬 전반의 연구·혁신 촉진, 지속 가능한 공급망 개발에 공동 협력하기로 함",https://dawngallaghermurphympp.ca/ontario-secures-critical-mineral-agreement-with-united-kingdom-to-strengthen-allied-supply-chains/
2026-06-10,Critical Minerals Open New Chapter in US-Central Asia Relations,"▶ 카자흐스탄 아스타나에서 미국과 중앙아시아 5개국(C5+1) 간 핵심 광물 대화가 개최되어 공급망, 투자 및 기술 협력 강화 방안을 논의
▶ 미 트럼프 행정부는 중앙아시아를 신뢰할 수 있는 전략적 파트너로 꼽으며, 미 국제개발금융공사(DFC)를 통해 이 지역의 핵심 광물, 통신, 인프라에 대한 투자를 적극 모색 중이라고 강조
▶ 양측은 지질 탐사, 채굴·가공, 글로벌 가치사슬 편입 등 3대 우선 과제를 중심으로 '핵심 광물 대화 로드맵'을 실행하기 위한 전담 특별위원회를 구성하고 공동 프로젝트 펀딩 등을 추진하기로 함",https://astanatimes.com/2026/06/critical-minerals-open-new-chapter-in-us-central-asia-relations/
2026-06-09,Rare-Earth Developer Aclara Seeks US Backing for Chile Mine,"▶ 희토류 개발사 아클라라가 중국의 핵심 광물 독점을 견제하려는 미 트럼프 행정부 기조에 맞춰, 칠레 최초의 희토류 광산 개발을 위해 미 국제개발금융공사(DFC)와 자금 지원을 논의 중
▶ DFC의 지원 규정 완화와 지난 4월 미-칠레 핵심 광물 협정 체결에 힘입어 협상이 긍정적으로 진행 중이며, 해당 프로젝트는 최근 칠레 당국의 최종 환경 승인을 획득
▶ 아클라라는 남미 광산과 미국의 가공 능력을 연결하는 15억 달러 규모의 공급망을 구축하려 하며, 순조로울 경우 2028년부터 중(重)희토류 추출을 시작할 계획",https://www.bloomberg.com/news/articles/2026-06-08/rare-earth-developer-aclara-seeks-us-backing-for-chilean-project
2026-06-09,"S. Korea, Mongolia launch strategic dialogue for critical minerals, supply chain cooperation","▶ 한국과 몽골이 핵심 광물과 공급망 협력을 강화하기 위해 차관급 전략대화를 출범하고 울란바토르에서 첫 회의를 개최
▶ 박윤주 외교부 1차관과 아르만투브신 몽골 외교차관은 희토류를 포함한 희소금속, 핵심 광물 공급망, 보건 의료 분야에서 실질적인 협력을 추진하기로 함
▶ 몽골 측은 이번 대화 체계를 통해 그린 기술, 인공지능(AI) 등 미래 지향적 분야로 협력을 확대하고 가시적인 성과를 내기를 희망
▶ 양측은 한반도 정세에 대해서도 의견을 교환하며 역내 평화와 안정을 위해 계속 협력하기로 합의",https://en.yna.co.kr/view/AEN20260609001900315
2026-06-08,"China's rare-earth exports to Japan drop 80%, sending companies scrambling","▶ 3월과 4월 기준, 중국의 대일본 희토류 수출량이 전년 동기 대비 80% 이상 폭락한 것으로 나타남
▶ 예기치 못한 공급 절벽에 직면한 일본 제조업체 및 관련 기업들은 긴급히 대체 공급망 확보에 나서는 등 큰 혼란을 겪고 있음
▶ 일본 기업들은 중국 의존도를 낮추기 위해 호주와 인도 등으로 수입선을 다변화하는 방안을 모색 중",https://asia.nikkei.com/business/materials/china-s-rare-earth-exports-to-japan-drop-80-sending-companies-scrambling
2026-06-08,The Fight to Break China’s Rare-Earth Dominance Moves to a New Front in Brazil,"▶ 서방 기업들이 중국의 독점(가공·자석 생산 90% 장악)을 깨기 위해 세계 2위 희토류 매장국인 브라질에 투자를 쏟아붓고 있음
▶ 트럼프 행정부는 중국의 수출 통제에 맞서 미국계 기업의 브라질 광산 인수를 지원하고 미 DFC 자금 조달을 논의하는 등 서방 공급망 확보에 공을 들이고 있음
▶ 현재 중국 BYD 등도 브라질에 막대한 투자를 이어가고 있어, 향후 브라질이 희토류 강국이 되더라도 서방만의 공급망이 아닌 미·중의 복합적 전장이 될 가능성이 큼",https://www.wsj.com/world/china/a-new-front-is-opening-in-the-fight-to-break-chinas-rare-earth-dominance-8b96729d
2026-06-05,"Russia, Uzbekistan start construction of nuclear power plant","▶ 러시아와 우즈베키스탄이 우즈베크 동중부 지자흐(Jizzakh) 지역에 중앙아시아 최초의 원자력 발전소 건설을 착공
▶ 해당 원전은 대형 원자로 2기(각 1,000MW)와 소형 모듈러 원자로(SMR) 2기(각 55MW)를 결합한 형태로, 러시아 로사톰의 기술과 차관을 지원받아 건설되며 우즈베크 전력 수요의 15%를 담당할 예정
▶ 러시아는 지난달 카자흐스탄과도 165억 달러 규모의 원전 건설 계약을 체결한 바 있으며, 미·중의 영향력 확대에 대응해 자국의 전통적 세력권인 중앙아시아에서 에너지 패권을 공고히 하려는 의도로 분석",https://www.reuters.com/business/energy/russia-uzbekistan-start-construction-nuclear-power-plant-2026-06-05/
2026-06-03,USA Rare Earth finalizes deals for up to $1.6 billion in funding under CHIPS Act,"▶ 미국 희토류 기업 USA 레어 어스(USA Rare Earth)가 미 상무부와 CHIPS법(반도체법) 지원을 통해 최대 16억 달러 규모의 자금 조달 계약을 체결
▶ 이번 자금은 텍사스주 '라운드 탑(Round Top)' 광산 개발과 사우스캐롤라이나주의 신규 영구자석 제조 시설(12억 달러 규모) 구축 등 '채굴부터 자석 생산'까지의 독자 공급망에 투입
▶ 올 초 유치한 민간 자본 15억 달러를 더해 총 35억 달러의 투자금을 확보했으며, 2028년 첫 생산을 목표로 대중국 희토류 의존도 낮추기에 본격 착수",https://www.reuters.com/business/usa-rare-earth-finalizes-deals-up-16-billion-funding-under-chips-act-2026-06-03/
2026-06-01,Australia & Japan Developing Critical Mineral Supply Chains,"▶ 일본과 호주 총리가 2026년 5월 정상회담을 통해 핵심 광물, 에너지, 식량 공급망 파트너십을 공식 체결하며 특정국(중국)에 대한 의존도 낮추기에 나섬
▶ 양국은 조달 프레임워크와 물류 인프라를 공동 개발하고 비상 비축 제도를 마련했으며, 호주는 초기 예산으로 13억 호주 달러(약 9억 4,300만 달러)를 배정
▶ 호주 라이너스(Lynas)의 중희토류 생산 및 알코아(Alcoa) 정련소의 갈륨 회수 등 기존 협력을 다각화하고, 국내 제련 및 가공 역량을 높여 해외 의존도를 낮출 계획",https://supplychaindigital.com/news/australia-japan-developing-critical-mineral-supply-chains
2026-05-31,The US and China Face Off in Australia... All Because of 'This' [Weekend Money],"▶ 호주 정부가 자국 희토류 광산의 중국계 지분 강제 매각을 명령하면서 호주를 무대로 한 미·중 희토류 공급망 경쟁이 격화
▶ 호주는 독자 공급망 구축을 시도 중이나, 분리·가공 과정에서 여전히 중국산 특수 장비와 화학 물질에 크게 의존
▶ 중국은 반도체 규제와 유사한 방식으로 희토류 추출·가공 기술 및 해외 가공에 대한 수출 통제를 대폭 강화
▶ 이로 인해 서방 방산·첨단 산업의 타격이 커졌으며, 중동 분쟁으로 무기 압박을 받는 미국의 대중국 협상력도 약화",https://www.asiae.co.kr/en/article/world-general/2026052817040299897
2026-05-31,Brazil is set to cut into China's rare earths dominance,"▶ 세계 2위 희토류 매장국인 브라질이 AI와 재생에너지 붐에 힘입어 중국의 공급망 독점을 깨뜨릴 대안으로 부상하고 있음
▶ 미국 USA 레어 어스가 브라질 핵심 광산을 인수하고 미 정부와 15년 공급 계약을 체결하는 등 서방 자본의 투자가 급증",https://www.dw.com/en/brazil-is-set-to-cut-into-chinas-rare-earths-dominance/a-77344696
2026-05-31,China and Japan aren’t talking. Will their rare earth trade go quiet?,"▶ 일본 총리의 대만 관련 발언 이후 중·일 관계가 악화되며 중국산 희토류 공급 단절 우려가 커짐
▶ 중국은 일본 방산 연계 기업 20개 사를 규제하고 수출을 통제해, 3월 대일 영구자석 수출이 27% 급감
▶ 공급 단절이 1년 지속 시 자동차 등 제조업 타격으로 일본 실질 GDP가 약 1.3% 감소할 전망
▶ 일본은 호주·브라질 협력 및 심해 채굴로 다변화를 시도 중이나, 중국의 제련 독점(90%)으로 단기 대체는 어려움",https://www.scmp.com/economy/global-economy/article/3355326/china-and-japan-arent-talking-will-their-rare-earth-trade-go-quiet
2026-05-28,US-backed rare earth rivals clash over alleged technology theft,"▶ 트럼프 행정부의 지원을 받으며 대중국 희토류 공급망 독립의 선봉에 선 미국 MP 머티리얼즈와 USA 레어 어스가 기술 유출 의혹으로 법적 공방에 돌입함
▶ MP 머티리얼즈는 자사 전 직원이 USA 레어 어스로 이직하면서 전기차·전투기용 영구자석의 성능을 높이는 핵심 제조 공식을 무단 유출했다고 주장
▶ 정부의 지분 참여와 최소 가격 보장 혜택을 받는 MP 머티리얼즈와, 올해 16억 달러의 정부 자금을 확보한 USA 레어 어스는 중국의 덤핑 공세에 맞서기 위해 모두 연방 정부의 전폭적인 지원을 받아옴",https://www.ft.com/content/f50d27ea-9307-4ff2-8ee1-aca0bf72d068?syn-25a6b1a6=1
2026-05-28,China’s rare earth dominance pushes U.S. critical minerals race into overdrive,"▶ 중국의 희토류 독점력이 과거 석유 카르텔을 능가하자, 미국은 서구권 기업들과 함께 독자적인 대안 공급망 구축 가속화에 나섬
▶ 가공 과정에서 나오는 방사성 폐기물과 인허가 규제가 장벽으로 작용해 라이나스(Lynas)가 공장 계획을 철회한 반면, 알이알로이즈(REalloys)와 에너지 퓨얼스(Energy Fuels)는 규제가 수월한 캐나다나 기존 우라늄 공장을 활용해 우회 중
▶ 미 정부는 MP 머티리얼즈와 USA 레어 어스에 막대한 보조금과 가격 보장을 제공하고 있으며, 신속 인허가 프로그램(FAST-41)을 통해 안티모니 등 방산용 핵심 광물 전반으로 지원을 확대하고 있음",https://mugglehead.com/chinas-rare-earth-dominance-pushes-u-s-critical-minerals-race-into-overdrive/
2026-05-28,Judge eyes new briefing on need for ‘immediate’ IEEPA tariff refunds,"▶ CIT는 CBP에 최종 청산된 수백만 건의 비공식 수입 건까지 포함한 IEEPA 관세의 즉시 환급을 압박하면서, 수입업체와 법무부에 6/4까지 서면 의견을 제출하도록 하고 6/9에는 Rodney Scott CBP 청장의 출석을 요구",https://insidetrade.com/daily-news/judge-eyes-new-briefing-need-immediate-ieepa-tariff-refunds
2026-05-26,"S. Korea, EU to push for stronger cooperation in critical minerals, supply chains","▶ 한국 산업통상부와 EU는 화상으로 '제2차 경제안보·신통상 이슈 특별위원회'를 열고, 글로벌 공급망 교란과 기술 패권 경쟁에 대응해 핵심 광물 및 공급망 전반의 협력을 강화하기로 합의
▶ 양측은 핵심 광물의 높은 해외 의존도를 낮추기 위해 공급망 다변화, 자원 비축 및 재활용 분야에서 긴밀히 공조하기로 뜻을 모음
▶ 한국 측은 EU 내 배터리 공급망에 기여하고 있는 한국 기업들을 위해 EU 배터리 규정의 시행 유예를 요청하고, EU 산업촉진법(IAA) 제정 시 한국 의견을 반영해 줄 것과 철강 세이프가드 강화에 대한 우려를 전달",https://en.yna.co.kr/view/AEN20260526011900320
2026-05-25,"Japan, China and the race for Africa’s critical minerals","▶ 일본 외무상은 핵심 광물 요충지인 아프리카 4개국을 순방하며 '자유롭고 열린 인도·태평양(FOIP)' 비전 기반의 공급망 자원 외교를 전개함
▶ 일본은 AI 시대를 겨냥해 광물 공급망 회복력뿐만 아니라 해저 케이블, 데이터 센터 등 디지털 인프라와 안보 협력을 강화하는 신(新) FOIP 전략을 제시함
▶ 미국·유럽이 추진하는 물류 인프라인 '로비토 회랑' 거점국(잠비아·앙골라) 등과 협력을 확대하며 친미·친서방 공급망 구축에 동참
▶ 이에 중국은 아프리카 수교국 전체를 대상으로 전면 무관세 혜택을 확대",https://www.thinkchina.sg/politics/japan-china-and-race-africas-critical-minerals
2026-05-22,China moves to secure critical mineral supply chain with sweeping new framework,"▶ 중국 정부는 리창 총리령으로 탐사·채굴부터 비축·판매에 이르는 전 과정을 통합 관리하는 총 79조 규모의 새 광물자원법 시행령을 공포했으며, 이는 오는 6월 15일부터 발효됨",https://www.scmp.com/economy/china-economy/article/3354400/china-moves-secure-critical-mineral-supply-chain-sweeping-new-framework
2026-05-22,"포스코인터내셔널, 美 최초 희토류·영구자석 통합 생산 단지 구축","▶ 포스코인터내셔널은 미국 리엘리먼트와 합작법인을 설립하고 총 2억 달러를 투자해 미국 내 최초의 희토류 분리정제 및 영구자석 통합 생산 단지를 구축함
▶ 포스코인터내셔널이 경영을 주도하고 리엘리먼트가 기술을 제공하며, 연 6,000톤 규모의 공장을 신설해 2027년 시범 생산을 거쳐 2028년 정식 양산을 목표로 함
▶ 미 국무부·상무부·에너지부 인사가 대거 참석한 가운데 체결된 이번 협약은 미국의 핵심광물 공급망 자립 정책에 선제 대응하고 북미 시장 우위를 선점하려는 의도
▶ 포스코인터내셔널은 단순 정제를 넘어 원료 조달, 영구자석, 구동모터코어까지 이어지는 독자적인 북미 공급망 가치사슬을 완성하겠다는 계획",https://www.asiae.co.kr/article/2026052207493773083
2026-05-22,Canada invests in Arctic infrastructure to bring critical minerals to market,"▶ 캐나다 정부는 북극권 주권 강화와 핵심 광물 공급망 구축을 위해 2개 인프라 프로젝트에 총 5,500만 달러(약 750억 원) 이상의 연방 자금을 투자
▶ 킷릭메오트 자원공사의 '그레이스 베이(Grays Bay)' 도로·항만 건설 사업에 최대 5,000만 달러를 지원하여, 북극권 심해항과 230km 구간의 상설 도로를 구축하고 향후 아연·구리 광산 개발을 본격화할 계획
▶ 글레이시스 테크놀로지스에 500만 달러를 투자해 북극권 광산의 디젤 연료를 대체할 저탄소 난방·환기 시스템을 시범 도입함으로써 운영 비용과 탄소 배출을 줄이고자 함",https://www.miningweekly.com/article/canada-invests-in-arctic-infrastructure-to-bring-critical-minerals-to-market-2026-05-22
2026-05-21,Australia's Arafura rare-earth project to start construction in September,"▶ 호주 아라푸라 레어 어스(Arafura Rare Earths)가 노스웨스트 준주(Northern Territory)의 '놀란스(Nolans) 희토류 프로젝트'에 대한 최종 투자 결정(FID)을 승인하고 오는 9월 착공에 들어감
▶ 해당 사업은 약 16억 달러(미국, 캐나다, 독일, 한국 등의 수출신용기관 지원 포함) 규모의 자금이 조달되었으며, 30년 전 광상 발견 이후 첫 착공이자 향후 호주에서 3번째로 큰 희토류 생산 기지가 될 전망
▶ 서방 국가들이 희토류 공급망의 중국 의존도를 낮추기 위해 협력을 강화하는 가운데, 아라푸라는 생산 목표량의 대부분을 이미 한국의 현대차·기아, 독일 지멘스 가메사, 원자재 거래상 트락시스(Traxys) 등과 장기 공급 계약(Offtake)을 맺어 확보함
▶ 2029년 중반 첫 생산을 목표로 하고 있으며, 전력 가동 시 연간 4,440톤의 네오디뮴-프라세오디뮴(NdPr) 산화물을 생산해 전 세계 EV 및 풍력 터빈 자석 수요의 약 4%를 충당할 예정",https://asia.nikkei.com/business/markets/commodities/australia-s-arafura-rare-earth-project-to-start-construction-in-september
2026-05-21,China Ready to Discuss Rare Earth Metal Supplies with the US,"▶ 미·중 정상회담의 후속 조치로 중국 상무부는 이트륨, 스칸듐, 네오디뮴, 인듐 등 미국의 핵심 희토류 공급 부족 우려를 해소하기 위해 미국과 공동으로 해결 방안을 모색할 준비가 되었다고 발표함
▶ 중국 당국은 자국의 희토류 수출 통제가 관련 법적 기준에 따라 정당하게 집행되고 있음을 재확인하면서도, 민간 용도의 정상적인 수출 신청은 승인하는 등 글로벌 공급망의 안정성을 위해 유연성을 발휘하겠다는 입장을 밝힘
▶ 백악관 역시 이번 정상회담을 통해 중국이 미국의 희토류 공급 부족 문제를 고려하기로 합의했다고 공식 발표했으며, 양국은 서로의 합법적인 권익을 존중하는 선에서 협력을 이어가기로 함",https://voi.id/en/amp/576198
2026-05-20,"Russia is concerned by US, EU rare earth activity in Central Asia, media reports","▶ 미·우크라이나 평화협정 협상가 출신인 미하일 갈루진 러시아 외무차관은 미국과 유럽연합(EU)이 중앙아시아 지역의 희토류 및 핵심 광물 공급망 확보에 나선 것에 대해 강력한 우려를 표명
▶ 미국을 비롯한 G7 국가들은 전기차, 신재생 에너지, 방산 등에 필수적이지만 중국이 독점하고 있는 희토류 공급망을 다변화하기 위해 카자흐스탄, 우즈베키스탄 등 자원 부국이 몰린 중앙아시아에 적극적으로 접근하고 있음
▶ 러시아는 중앙아시아 5개국을 자국의 전통적인 영향권으로 간주하고 있으며, 최근 이 지역에 공을 들이는 중국뿐만 아니라 미국의 접근에 극도로 민감한 반응을 보임.
▶ 갈루진 차관은 서방의 이러한 움직임이 단순한 경제적 경쟁을 넘어, 러시아 국경 인근에 서방 통제하의 인프라를 구축해 러시아를 이 지역에서 완전히 몰아내려는 정치·군사적 의도라고 비난",https://www.reuters.com/world/china/russia-is-concerned-by-us-eu-rare-earth-activity-central-asia-media-reports-2026-05-20/
2026-05-18,Australia Orders Chinese Investors to Sell Northern Minerals Shares,"▶ 호주 정부는 자국 희토류 기업 '노던 미네랄즈(Northern Minerals)'의 지분을 보유한 외국인 주주 6명에게 국가 이익을 근거로 지분 매각(강제 처분) 명령을 내림
▶ 호주 정부가 이 회사에 개입해 중국계 자본을 강제 퇴출한 것은 최근 2년 사이 이번이 두 번째로, 자국 핵심 광물 공급망에 대한 중국의 영향력을 차단하겠다는 강력한 의지로 풀이
▶ 노던 미네랄즈가 서호주에서 추진 중인 '브라운스 레인지(Browns Range)' 프로젝트는 전기차와 국방 장비의 영구자석에 필수적인 중희토류(디스프로슘, 테르븀) 매장지로, 현재 이 광물들은 중국이 전 세계 공급을 사실상 독점하고 있음
▶ 이번 조치는 중국의 희토류 독점을 깨기 위해 미국과 호주 정부가 공동 전선을 구축하고, 미국 정부(미국 수출입은행)가 노던 미네랄즈에 금융 지원을 제공하는 등 서구권의 전략적 협력이 강화되는 가운데 단행됨",https://www.wsj.com/business/australia-orders-chinese-investors-to-sell-northern-minerals-shares-5a6e7b99
2026-05-16,Deal rush in rare earths as west seeks to loosen China’s grip,"▶ 미국을 비롯한 서구권 정부가 희토류 시장에서 중국의 독점을 깨기 위해 막대한 자금을 투입하면서, 관련 기업들이 자산을 선점하려는 글로벌 토지 확보 경쟁이 치열해지고 있음.
▶ 대표적 기업인 USA 래어어스는 미 정부로부터 16억 달러의 조건부 자금을 확보한 후, 브라질 광산 기업 세라 베르데(28억 달러)와 영국 금속 제조사 LCM(2.17억 달러) 등을 잇달아 인수하며 총 30억 달러 규모의 공격적인 공급망 통합에 나섬
▶ 또 다른 경쟁사 에너지 퓨얼스 역시 호주 스트레티직 머티리얼즈를 2.99억 달러에 인수하기로 하는 등, 채굴부터 자석 제조까지 전 공정을 수직 계열화하려는 서구권 기업 간의 M&A 경쟁이 가속화되는 추세
▶ 트럼프 행정부 복귀 이후 미 정부는 핵심 광물 분야에 186억 달러의 자금을 배정했으며, 과거 중국의 저가 공세로부터 자국 기업을 보호하기 위해 15년간 최저 가격을 보장해 주는 국방 지원 조치(SPV 등)까지 도입",https://www.ft.com/content/0c05ef4c-55eb-4293-8bba-7985e4c25e78?syn-25a6b1a6=1
2026-05-15,Why Rare Earths Are China’s Trump Card in Trade War,"▶ 중국은 전 세계 희토류 매장량의 절반 이상, 정제 및 가공 분야의 독점적 지배력(약 90%)을 바탕으로 미·중 무역 전쟁에서 우위를 점하고 있음
▶ 지난해 트럼프의 관세 폭격에 대응해 중국이 '중희토류' 수출을 50% 이상 제한하면서 방산·자동차·첨단 IT 분야의 공급망 마비와 가격 폭등을 유발
▶ 미국은 캘리포니아 마운틴 패스 광산 재가동과 동맹국(호주, 브라질 등)과의 협력을 통해 독자 공급망 구축에 사활을 걸고 있으나, 채굴부터 정제까지 중국을 완전히 대체하는 데는 최소 10년 이상의 시간이 소요될 전망
▶ 트럼프 행정부는 군사 무기와 전기차 등에 필수적인 이 자원의 안정적 확보를 위해 이번 회담에서 수출 제한 유예 연장을 강력히 요구 중",https://www.bloomberg.com/news/articles/2026-05-14/how-xi-is-using-rare-earths-against-trump-in-the-us-china-trade-war
2026-05-13,The Hormuz Disruption : How the Iran War is Reconfiguring Critical Mineral Value-Chains,"▶ 이란 전쟁으로 인한 호르무즈 해협의 물류 마비는 서방 국가들의 핵심 광물 공급망 다변화 시도를 가로막고 있으며, 이는 오히려 공급망을 선점한 중국의 구조적 지배력을 공고히 하는 결과를 초래함
▶ 에너지 가격 급등과 전쟁 비용 부담으로 각국의 재정 우선순위가 급변하면서, 광물 자립을 위한 장기적 투자보다는 당장의 위기 관리에 자원이 집중되어 산업 역량 강화가 지연되고 있음
▶ 전쟁 여파로 강화된 자원 민족주의와 물류 병목 현상은 다자간 협력 체계의 재조정을 강요하고 있으며, 서방의 디리스킹 전략이 무력화될 수 있다는 우려가 커지고 있음",https://orfme.org/event/the-hormuz-disruption-how-the-iran-war-is-reconfiguring-critical-mineral-value-chains/
2026-05-13,Korea and Australia strengthen energy security ties amidst global supply risks,"▶ 한국과 호주는 중동 긴장으로 인한 글로벌 공급망 위기에 대응해 에너지 안보 및 핵심 광물 분야의 협력을 대폭 강화하기로 합의
▶ 호주는 한국 LNG 수입의 31.4%를 차지하는 최대 공급국이자 석유화학 원료인 컨덴세이트의 핵심 공급처이며, 한국은 호주 석유제품 시장의 29.1%를 점유하는 최대 공급국으로서 상호 보완적 파트너십을 재확인함
▶ 양국은 '에너지자원 안보 공동선언문'을 발표하고, 호주의 핵심 광물 전략적 비축 계획을 포함해 리튬·희토류 등 핵심 광물 공급망의 회복력을 높이기 위한 실무 협력을 확대하기로 함",https://asian-power.com/news/korea-and-australia-strengthen-energy-security-ties-amidst-global-supply-risks
2026-05-13,"India-Japan seek to advance coop in critical minerals, semiconductors & ICT","▶ 인도와 일본은 경제 안보 대화를 통해 핵심 광물, 반도체, ICT, 클린 에너지, 의약품 등 5대 전략 분야에서의 협력을 강화하고 특정 국가에 대한 공급망 의존도를 낮추기로 합의
▶ 양국은 반도체 제조 장비와 설계 인력이라는 각자의 강점을 결합해 시너지를 내는 '프렌드 쇼어링'을 추진하며, 민관 협력을 통해 규제 개선과 기술 이전을 지원할 계획
▶ 이란 전쟁으로 인한 에너지 위기와 물류 차단 등 급변하는 지정학적 리스크 속에서 안정적인 자원 확보를 위해 공동 대응하며 양국의 전략적 파트너십을 경제 생존 전략으로 진화시키고 있음",https://economictimes.indiatimes.com/news/economy/foreign-trade/india-japan-seek-to-advance-coop-in-critical-minerals-semiconductors-ict/articleshow/131053394.cms?from=mdr
2026-05-13,"Trump, Xi to weigh rare earth truce extension, but China's curbs still bite","▶ 미·중은 이번 정상회담에서 희토류 수출 제한 유예 연장을 논의할 예정이나, 중국은 국방·첨단 산업에 필수적인 '중희토류' 출하량을 여전히 이전 대비 절반 수준으로 통제하며 강력한 지렛대로 활용 중임.
▶ 중국은 지난해 합의를 통해 일반 희토류 제한은 일부 풀었지만, 항공기 엔진 보호용 이트륨이나 고성능 자석용 디스프로슘 등 전략 품목은 엄격히 제한하여 미국 방산 기업의 생산 차질과 글로벌 가격 폭등을 유발하고 있음.
▶ 트럼프는 이란 전쟁 수행을 위한 군수물자 확보 차원에서 희토류의 안정적 공급이 절실한 상황이며, 중국은 이를 보잉기 구매나 관세 인하 요구를 관철하기 위한 핵심 협상 카드로 휘두르고 있음",https://www.reuters.com/business/aerospace-defense/trump-xi-weigh-rare-earth-truce-extension-chinas-curbs-still-bite-2026-05-13/
2026-05-12,Trump’s $18.6B critical minerals push: rare earths bias and gaps for project teams,"▶ 트럼프 행정부는 약 186억 달러를 핵심 광물 분야에 투입 중이나, 시장 규모가 작은 희토류와 흑연에 지원이 지나치게 편중되어 공급망 안보 논리가 시장 논리를 압도하고 있음
▶ 반면 텅스텐, 코발트, 탄탈륨 등 기타 필수 금속에 대한 지원은 미미하여 자금 조달 공백이 여전하며, 이는 기초 금속 시장으로 유입될 자본을 분산시키는 결과를 초래함
▶ 이번 지원은 미국 내 생산을 넘어 캐나다와 브라질 등 동맹국을 포함한 다국적 블록 중심의 공급망 구축을 목표로 하며, 북미 지역 간의 인프라 및 허가 협력을 강조함",https://www.geomechanics.io/news/article/trumps-186b-critical-minerals-push-rare-earths-bias-and-gaps-for-project-teams
2026-05-12,DOE Critical Minerals Funding Review: $69M Accelerator Explained,"▶ 미 에너지부(DOE)는 광물 자립의 핵심인 '가공 및 정제' 역량을 강화하기 위해 6,900만 달러 규모의 액셀러레이터 프로그램을 도입
▶ 주요 지원 분야는 폐기물 내 핵심 소재 회수, 반도체용 고순도 갈륨·게르마늄 정제, 지열 염수를 활용한 직접 리튬 추출(DLE) 등 3대 전략 기술에 집중
▶ 이번 정책은 단순 연구를 넘어 대규모 대출 및 제조 지원 프로그램으로 이어지는 체계적인 산업 정책의 첫 단계이며, 이를 통해 중국 등 특정 국가에 대한 공급망 의존도를 낮추는 것이 목표임",https://discoveryalert.com.au/doe-critical-minerals-funding-review-processing-accelerator/
2026-05-12,Australia & Japan: A New Critical Minerals Partnership,"▶ 호주 앤서니 앨버니지 총리와 일본 다카이치 사나에 총리는 정상회담을 통해 핵심 광물, 에너지, 식량 공급망 강화를 위한 새로운 파트너십을 체결
▶ 양국은 중국이 장악한 핵심 광물 공급망에 대한 의존도를 낮추기 위해 협력하며, 호주의 자원과 일본의 기술·자본을 결합해 리튬, 구리, 니켈 등 미래 산업 필수 소재의 안정적 확보에 주력하기로 함
▶ 호주가 13억 호주달러를 투입하고 일본이 기존 투자를 확대하는 등 대규모 공동 자금 조달을 추진하며, 희토류 생산과 반도체용 갈륨 회수 등 첨단 소재 분야의 공조를 경제 안보의 핵심 축으로 격상시킴",https://miningdigital.com/news/australia-japan-a-new-critical-minerals-partnership
2026-05-12,Race for Critical Minerals Leaves EU Struggling to Keep Up,"▶ 유럽연합(EU)은 슬로바키아 안티모니 광산 개발 등 대중국 자원 자립을 꾀하고 있으나, 회원국 간의 자산 공유 거부와 재정 지원 부족으로 실행력 면에서 한계를 보임
▶ 군사 장비에 필수적인 안티모니 등 전략 광물 분야에서 미국이 공격적인 투자와 파트너십으로 앞서가는 반면, 유럽은 행정적 지연과 민간 금융 조달의 어려움으로 도태될 위기에 처함
▶ 유럽은 최근 미국과 공급망 협정을 체결하며 공조를 모색 중이나, 의존의 덫에서 벗어나기 위해서는 파편화된 전략을 통합하고 장기적인 투자 펀드를 신속히 집행해야 한다는 지적이 나옴",https://financialpost.com/pmn/business-pmn/race-for-critical-minerals-leaves-eu-struggling-to-keep-up
